<?xml version="1.0" standalone="yes"?>
<!--PHP Tutorials-->
<tutorials>
  <tutorial>
    <title>if - conditional execution of code fragments</title>
    <credit>php.net</credit>
    <crediturl>http://us3.php.net/manual/en/control-structures.if.php</crediturl>
    <phpcode>
      <![CDATA[<?php
$a = 10;
$b = 5;

if ($a > $b)
  echo "a is bigger than b";
?>]]>
    </phpcode>
    <ishtml>false</ishtml>
  </tutorial>
  <tutorial>
    <title>else</title>
    <credit>php.net</credit>
    <crediturl>http://us3.php.net/manual/en/control-structures.else.php</crediturl>
    <phpcode>
      <![CDATA[<?php
$a = 10;
$b = 5;

if ($a > $b) {
  echo "a is greater than b";
} else {
  echo "a is NOT greater than b";
}
?>]]>
    </phpcode>
    <ishtml>false</ishtml>
  </tutorial>
  <tutorial>
    <title>elseif/else if</title>
    <credit>php.net</credit>
    <crediturl>http://us3.php.net/manual/en/control-structures.elseif.php</crediturl>
    <phpcode>
      <![CDATA[<?php
$a = 10;
$b = 5;

if ($a > $b) {
    echo "a is bigger than b";
} elseif ($a == $b) {
    echo "a is equal to b";
} else {
    echo "a is smaller than b";
}
?>]]>
    </phpcode>
    <ishtml>false</ishtml>
  </tutorial>
  <tutorial>
    <title>while - loops are the simplest type of loop in PHP</title>
    <credit>php.net</credit>
    <crediturl>http://us3.php.net/manual/en/control-structures.while.php</crediturl>
    <phpcode>
      <![CDATA[<?php
/* example 1 */

$i = 1;
while ($i <= 10) {
    echo $i++;  /* the printed value would be
                   $i before the increment
                   (post-increment) */
}

/* example 2 */

$i = 1;
while ($i <= 10):
    echo $i;
    $i++;
endwhile;
?>]]>
    </phpcode>
    <ishtml>false</ishtml>
  </tutorial>
  <tutorial>
    <title>do-while</title>
    <credit>php.net</credit>
    <crediturl>http://us3.php.net/manual/en/control-structures.do.while.php</crediturl>
    <phpcode>
      <![CDATA[<?php
$i = 10;
do {
    echo $i;
    $i--;
} while ($i > 0);
?>]]>
    </phpcode>
    <ishtml>false</ishtml>
  </tutorial>
  <tutorial>
    <title>for - loops are the most complex loops in PHP</title>
    <credit>php.net</credit>
    <crediturl>http://us3.php.net/manual/en/control-structures.for.php</crediturl>
    <phpcode>
      <![CDATA[<?php
// Consider the following examples. All of them display the numbers 1 through 10: 
/* example 1 */

for ($i = 1; $i <= 10; $i++) {
    echo $i;
}

/* example 2 */

for ($i = 1; ; $i++) {
    if ($i > 10) {
        break;
    }
    echo $i;
}

/* example 3 */

$i = 1;
for (; ; ) {
    if ($i > 10) {
        break;
    }
    echo $i;
    $i++;
}

/* example 4 */

for ($i = 1, $j = 0; $i <= 10; $j += $i, print $i, $i++);
?>]]>
    </phpcode>
    <ishtml>false</ishtml>
  </tutorial>
  <tutorial>
  <title>foreach - iterate over arrays.</title>
  <credit>php.net</credit>
  <crediturl>http://us3.php.net/foreach</crediturl>
  <phpcode><![CDATA[<?php
/* foreach example 1: value only */

$a = array(1, 2, 3, 17);

foreach ($a as $v) {
    echo "Current value of \$a: $v.\n";
}

/* foreach example 2: value (with its manual access notation printed for illustration) */

$a = array(1, 2, 3, 17);

$i = 0; /* for illustrative purposes only */

foreach ($a as $v) {
    echo "\$a[$i] => $v.\n";
    $i++;
}

/* foreach example 3: key and value */

$a = array(
    "one" => 1,
    "two" => 2,
    "three" => 3,
    "seventeen" => 17
);

foreach ($a as $k => $v) {
    echo "\$a[$k] => $v.\n";
}

/* foreach example 4: multi-dimensional arrays */
$a = array();
$a[0][0] = "a";
$a[0][1] = "b";
$a[1][0] = "y";
$a[1][1] = "z";

foreach ($a as $v1) {
    foreach ($v1 as $v2) {
        echo "$v2\n";
    }
}

/* foreach example 5: dynamic arrays */

foreach (array(1, 2, 3, 4, 5) as $v) {
    echo "$v\n";
}
?>]]></phpcode>
    <ishtml>false</ishtml>
  </tutorial>
  <tutorial>
    <title>break - ends execution of the current for, foreach, while, do-while or switch structure</title>
    <credit>php.net</credit>
    <crediturl>http://us3.php.net/manual/en/control-structures.break.php</crediturl>
    <phpcode>
      <![CDATA[<?php
$arr = array('one', 'two', 'three', 'four', 'stop', 'five');
while (list(, $val) = each($arr)) {
    if ($val == 'stop') {
        break;    /* You could also write 'break 1;' here. */
    }
    echo "$val<br />\n";
}

/* Using the optional argument. */

$i = 0;
while (++$i) {
    switch ($i) {
    case 5:
        echo "At 5<br />\n";
        break 1;  /* Exit only the switch. */
    case 10:
        echo "At 10; quitting<br />\n";
        break 2;  /* Exit the switch and the while. */
    default:
        break;
    }
}
?>]]>
    </phpcode>
    <ishtml>true</ishtml>
  </tutorial>
  <tutorial>
    <title>continue - used within looping structures to skip the rest ...</title>
    <credit>php.net</credit>
    <crediturl>http://us3.php.net/manual/en/control-structures.continue.php</crediturl>
    <phpcode>
      <![CDATA[<?php
while (list($key, $value) = each($arr)) {
    if (!($key % 2)) { // skip odd members
        continue;
    }
    do_something_odd($value);
}

$i = 0;
while ($i++ < 5) {
    echo "Outer<br />\n";
    while (1) {
        echo "&nbsp;&nbsp;Middle<br />\n";
        while (1) {
            echo "&nbsp;&nbsp;Inner<br />\n";
            continue 3;
        }
        echo "This never gets output.<br />\n";
    }
    echo "Neither does this.<br />\n";
}
?>]]>
    </phpcode>
    <ishtml>true</ishtml>
  </tutorial>
  <tutorial>
    <title>switch - similar to a series of IF statements</title>
    <credit>php.net</credit>
    <crediturl>http://us3.php.net/manual/en/control-structures.switch.php</crediturl>
    <phpcode>
      <![CDATA[<?php
$i = 1;

switch ($i) {
    case 0:
        echo "i equals 0";
        break;
    case 1:
        echo "i equals 1";
        break;
    case 2:
        echo "i equals 2";
        break;
    default:
       echo "i is not equal to 0, 1 or 2";
}
?>
]]>
    </phpcode>
    <ishtml>true</ishtml>
  </tutorial>

  <tutorial>
  <title>date - Format a local time/date</title>
    <credit>php.net</credit>
    <crediturl>http://us.php.net/manual/en/function.date.php</crediturl>
    <phpcode>
      <![CDATA[<?php
// Assuming today is March 10th, 2001, 5:16:18 pm, and that we are in the
// Mountain Standard Time (MST) Time Zone

echo date("F j, Y, g:i a") . "<br>";                 // March 10, 2001, 5:16 pm
echo date("m.d.y") . "<br>";                         // 03.10.01
echo date("j, n, Y") . "<br>";                       // 10, 3, 2001
echo date("Ymd") . "<br>";                           // 20010310
echo date('h-i-s, j-m-y, it is w Day') . "<br>";     // 05-16-18, 10-03-01, 1631 1618 6 Satpm01
echo date('\i\t \i\s \t\h\e jS \d\a\y.') . "<br>";   // it is the 10th day.
echo date("D M j G:i:s T Y") . "<br>";               // Sat Mar 10 17:16:18 MST 2001
echo date('H:m:s \m \i\s\ \m\o\n\t\h') . "<br>";     // 17:03:18 m is month
echo date("H:i:s") . "<br>";                         // 17:16:18
    ?>]]></phpcode>
    <ishtml>true</ishtml>
  </tutorial>
  <tutorial>
    <title>mktime - Get Unix timestamp for a date</title>
    <credit>php.net</credit>
    <crediturl>http://us.php.net/manual/en/function.mktime.php</crediturl>
    <phpcode>
      <![CDATA[<?php
echo date("M-d-Y", mktime(0, 0, 0, 12, 32, 1997)) . "\r\n";
echo date("M-d-Y", mktime(0, 0, 0, 13, 1, 1997)) . "\r\n";
echo date("M-d-Y", mktime(0, 0, 0, 1, 1, 1998)) . "\r\n";
echo date("M-d-Y", mktime(0, 0, 0, 1, 1, 98)) . "\r\n";
$lastday = mktime(0, 0, 0, 3, 0, 2000);
echo strftime("Last day in Feb 2000 is: %d", $lastday) . "\r\n";
$lastday = mktime(0, 0, 0, 4, -31, 2000);
echo strftime("Last day in Feb 2000 is: %d", $lastday) . "\r\n";
?>]]>
    </phpcode>
    <ishtml>false</ishtml>
  </tutorial>
  <tutorial>
    <title>exec — Execute an external program</title>
    <credit>php.net</credit>
    <crediturl>http://us3.php.net/manual/en/function.exec.php</crediturl>
    <phpcode>
      <![CDATA[<?php
// Display windows OS version
echo exec('ver');
?>]]>
    </phpcode>
    <ishtml>true</ishtml>
  </tutorial>
  <tutorial>
    <title>passthru — Execute an external program and display raw output</title>
    <credit>php.net</credit>
    <crediturl>http://us3.php.net/manual/en/function.passthru.php</crediturl>
    <phpcode>
      <![CDATA[<?php
// Displays a list of files and subdirectories in a directory
echo passthru('dir');
?>]]>
    </phpcode>
    <ishtml>false</ishtml>
  </tutorial>
  <tutorial>
    <title>htmlspecialchars — Convert special characters to HTML entities</title>
    <credit>php.net</credit>
    <crediturl>http://us3.php.net/manual/en/function.htmlspecialchars.php</crediturl>
    <phpcode>
      <![CDATA[<?php
$new = htmlspecialchars("<a href='test'>Test</a>", ENT_QUOTES);
echo $new; // &lt;a href=&#039;test&#039;&gt;Test&lt;/a&gt;
?>]]>
    </phpcode>
    <ishtml>false</ishtml>
  </tutorial>
  <tutorial>
    <title>preg_match — Perform a regular expression match</title>
    <credit>php.net</credit>
    <crediturl>http://us3.php.net/manual/en/function.preg-match.php</crediturl>
    <phpcode>
      <![CDATA[<?php

$str = 'foobar: 2008';

preg_match('/(?<name>\w+): (?<digit>\d+)/', $str, $matches);

print_r($matches);

?>]]>
    </phpcode>
    <ishtml>false</ishtml>
  </tutorial>
  <tutorial>
    <title>phpinfo — Outputs lots of PHP information</title>
    <credit>php.net</credit>
    <crediturl>http://us3.php.net/manual/en/function.phpinfo.php</crediturl>
    <phpcode>
      <![CDATA[<?php
// Show all information, defaults to INFO_ALL
phpinfo();
?>]]>
    </phpcode>
    <ishtml>true</ishtml>
  </tutorial>
</tutorials>